benchmark,version,setup,baseline_frame,baseline_version,baseline_setup,median_ms,baseline_median_ms,speedup,median_change,ranges_overlap,candidate_mover
tpch,1.35.2,A,reference,1.44.2,A,12397.8,11947.4,0.963670973882463,0.03769857877027638,True,False
tpch,2.0.0,A,reference,1.44.2,A,6888.2,11947.4,1.7344734473447345,-0.42345614945511156,False,True
tpch,2.0.0,B,reference,1.44.2,A,11532.3,11947.4,1.0359945544253966,-0.03474396102917798,True,False
tpch,1.31.0,C,reference,1.44.2,C,11371.8,8081.1,0.710626286076083,0.4072094145598988,False,True
tpch,1.40.1,C,oldest,1.31.0,C,7856.7,11371.8,1.4474015808163732,-0.30910673771962216,False,True
tpch,1.40.1,C,reference,1.44.2,C,7856.7,8081.1,1.028561609836191,-0.02776849686305094,True,False
tpch,1.44.2,C,oldest,1.31.0,C,8081.1,11371.8,1.4072094145598988,-0.289373713923917,False,True
tpch,2.0.0,C,oldest,1.31.0,C,6155.6,11371.8,1.8473909935668331,-0.4586960727413425,False,True
tpch,2.0.0,C,reference,1.44.2,C,6155.6,8081.1,1.3128046006888037,-0.23827201742337056,False,True
tpcds,2.0.0,C,reference,1.44.2,C,31260.9,61276.4,1.9601610958097815,-0.48983784948201914,False,True
clickbench,1.31.0,A,reference,1.44.2,A,4556.9,4453.1,0.9772213566240209,0.023309604545148188,True,False
clickbench,1.35.2,A,oldest,1.31.0,A,4488.3,4556.9,1.015284183321079,-0.01505409379183209,True,False
clickbench,1.35.2,A,reference,1.44.2,A,4488.3,4453.1,0.9921573869839361,0.00790460578024299,True,False
clickbench,1.40.1,A,oldest,1.31.0,A,4298.9,4556.9,1.0600153527646607,-0.05661743729289648,True,False
clickbench,1.40.1,A,reference,1.44.2,A,4298.9,4453.1,1.0358696410709718,-0.034627562821405444,True,False
clickbench,1.44.2,A,oldest,1.31.0,A,4453.1,4556.9,1.0233096045451482,-0.022778643375979124,True,False
clickbench,2.0.0,A,oldest,1.31.0,A,2233.4,4556.9,2.040342079340915,-0.50988610678312,False,True
clickbench,2.0.0,A,reference,1.44.2,A,2233.4,4453.1,1.9938658547506045,-0.49846174575015156,False,True
clickbench,2.0.0,B,oldest,1.31.0,A,4190.6,4556.9,1.0874099174342575,-0.08038359411003082,True,False
clickbench,2.0.0,B,reference,1.44.2,A,4190.6,4453.1,1.0626401947215196,-0.058947699355505145,False,False
clickbench,1.31.0,C,reference,1.44.2,C,2835.8,2551.2,0.8996403131391493,0.11155534650360632,True,False
clickbench,1.40.1,C,oldest,1.31.0,C,2569.4,2835.8,1.103681793414805,-0.09394174483390938,False,False
clickbench,1.40.1,C,reference,1.44.2,C,2569.4,2551.2,0.9929166342336732,0.007133897773596853,True,False
clickbench,1.44.2,C,oldest,1.31.0,C,2551.2,2835.8,1.1115553465036063,-0.10035968686085073,True,False
clickbench,2.0.0,C,oldest,1.31.0,C,2199.4,2835.8,1.2893516413567336,-0.22441639043656114,False,True
clickbench,2.0.0,C,reference,1.44.2,C,2199.4,2551.2,1.1599527143766482,-0.13789589212919395,False,True
ssb,1.31.0,A,reference,1.44.2,A,6746.2,5239.0,0.7765853369304201,0.28768849016987974,False,True
ssb,1.35.2,A,oldest,1.31.0,A,5604.5,6746.2,1.2037113034168971,-0.16923601434881852,False,True
ssb,1.35.2,A,reference,1.44.2,A,5604.5,5239.0,0.9347845481309662,0.0697652223706815,True,False
ssb,1.40.1,A,oldest,1.31.0,A,5251.7,6746.2,1.2845745187272692,-0.22153212178708015,False,True
ssb,1.40.1,A,reference,1.44.2,A,5251.7,5239.0,0.9975817354380486,0.0024241267417446366,True,False
ssb,1.44.2,A,oldest,1.31.0,A,5239.0,6746.2,1.2876884901698797,-0.2234146630695799,False,True
ssb,2.0.0,A,oldest,1.31.0,A,3232.4,6746.2,2.087056057418636,-0.5208561857045447,False,True
ssb,2.0.0,A,reference,1.44.2,A,3232.4,5239.0,1.6207771315431259,-0.38301202519564803,False,True
ssb,2.0.0,B,oldest,1.31.0,A,5878.5,6746.2,1.1476056817215277,-0.12862055675787853,True,False
ssb,2.0.0,B,reference,1.44.2,A,5878.5,5239.0,0.8912137450029769,0.12206527963351776,False,True
ssb,1.31.0,C,reference,1.44.2,C,4399.0,4221.0,0.9595362582405093,0.04217010187159431,True,False
ssb,1.40.1,C,oldest,1.31.0,C,4084.7,4399.0,1.0769456753249933,-0.07144805637644924,True,False
ssb,1.40.1,C,reference,1.44.2,C,4084.7,4221.0,1.0333684236296423,-0.032290926320777125,True,False
ssb,1.44.2,C,oldest,1.31.0,C,4221.0,4399.0,1.0421701018715943,-0.040463741759490746,True,False
ssb,2.0.0,C,oldest,1.31.0,C,3370.7,4399.0,1.305070163467529,-0.23375767219822696,False,True
ssb,2.0.0,C,reference,1.44.2,C,3370.7,4221.0,1.2522621413949626,-0.20144515517649852,False,True
